Workbook

Sheet Prdsale
B1: ACTUAL | C1: PREDICT | D1: COUNTRY | E1: REGION | F1: DIVISION | G1: PRODTYPE | H1: PRODUCT | I1: QUARTER | J1: YEAR | K1: MONTH
A2: 1 | B2: 925 | C2: 850 | D2: KANADA | E2: WSCHÓD | F2: OŚWIATA | G2: MEBLE | H2: KANAPA | I2: 1 | J2: 1993 | K2: 12085
A3: 2 | B3: 999 | C3: 297 | D3: KANADA | E3: WSCHÓD | F3: OŚWIATA | G3: MEBLE | H3: KANAPA | I3: 1 | J3: 1993 | K3: 12113
A4: 3 | B4: 608 | C4: 846 | D4: KANADA | E4: WSCHÓD | F4: OŚWIATA | G4: MEBLE | H4: KANAPA | I4: 1 | J4: 1993 | K4: 12144
A5: 4 | B5: 642 | C5: 533 | D5: KANADA | E5: WSCHÓD | F5: OŚWIATA | G5: MEBLE | H5: KANAPA | I5: 2 | J5: 1993 | K5: 12174
A6: 5 | B6: 656 | C6: 646 | D6: KANADA | E6: WSCHÓD | F6: OŚWIATA | G6: MEBLE | H6: KANAPA | I6: 2 | J6: 1993 | K6: 12205
A7: 6 | B7: 948 | C7: 486 | D7: KANADA | E7: WSCHÓD | F7: OŚWIATA | G7: MEBLE | H7: KANAPA | I7: 2 | J7: 1993 | K7: 12235
A8: 7 | B8: 612 | C8: 717 | D8: KANADA | E8: WSCHÓD | F8: OŚWIATA | G8: MEBLE | H8: KANAPA | I8: 3 | J8: 1993 | K8: 12266
A9: 8 | B9: 114 | C9: 564 | D9: KANADA | E9: WSCHÓD | F9: OŚWIATA | G9: MEBLE | H9: KANAPA | I9: 3 | J9: 1993 | K9: 12297
A10: 9 | B10: 685 | C10: 230 | D10: KANADA | E10: WSCHÓD | F10: OŚWIATA | G10: MEBLE | H10: KANAPA | I10: 3 | J10: 1993 | K10: 12327
A11: 10 | B11: 657 | C11: 494 | D11: KANADA | E11: WSCHÓD | F11: OŚWIATA | G11: MEBLE | H11: KANAPA | I11: 4 | J11: 1993 | K11: 12358
A12: 11 | B12: 608 | C12: 903 | D12: KANADA | E12: WSCHÓD | F12: OŚWIATA | G12: MEBLE | H12: KANAPA | I12: 4 | J12: 1993 | K12: 12388
A13: 12 | B13: 353 | C13: 266 | D13: KANADA | E13: WSCHÓD | F13: OŚWIATA | G13: MEBLE | H13: KANAPA | I13: 4 | J13: 1993 | K13: 12419
... A1440: 1439 | B1440: 652 | C1440: 932 | D1440: USA | E1440: ZACHÓD | F1440: DETAL | G1440: BIURO | H1440: BIURKO | I1440: 4 | J1440: 1994 | K1440: 12753
A1441: 1440 | B1441: 573 | C1441: 581 | D1441: USA | E1441: ZACHÓD | F1441: DETAL | G1441: BIURO | H1441: BIURKO | I1441: 4 | J1441: 1994 | K1441: grudzień

Sheet Sprzedaż sumaryczna
B3: Sumaryczna sprzedaż kwartalna dla danego kraju
B6: Kraj (Kanada/Niemcy/USA) | F6: Niemcy
B7: Sprzedaż (Przewidywana/Faktyczna) | F7: Faktyczna
E10: ="Kraj: "&F6 -> Kraj: Niemcy
D11: Kwartał
D12: 1 | E12: 2 | F12: 3 | G12: 4
B13: Produkt | C13: Biurko | D13: =SUMIFS(IF($F$7="Faktyczna",Prdsale!$B$2:$B$1441,Prdsale!$C$2:$C$1441),Prdsale!$H$2:$H$1441,$C13,Prdsale!$I$2:$I$1441,D$12,Prdsale!$D$2:$D$1441,$F$6) -> 9368 | E13: =SUMIFS(IF($F$7="Faktyczna",Prdsale!$B$2:$B$1441,Prdsale!$C$2:$C$1441),Prdsale!$H$2:$H$1441,$C13,Prdsale!$I$2:$I$1441,E$12,Prdsale!$D$2:$D$1441,$F$6) -> 11654 | F13: =SUMIFS(IF($F$7="Faktyczna",Prdsale!$B$2:$B$1441,Prdsale!$C$2:$C$1441),Prdsale!$H$2:$H$1441,$C13,Prdsale!$I$2:$I$1441,F$12,Prdsale!$D$2:$D$1441,$F$6) -> 14140 | G13: =SUMIFS(IF($F$7="Faktyczna",Prdsale!$B$2:$B$1441,Prdsale!$C$2:$C$1441),Prdsale!$H$2:$H$1441,$C13,Prdsale!$I$2:$I$1441,G$12,Prdsale!$D$2:$D$1441,$F$6) -> 13340
C14: Kanapa | D14: =SUMIFS(IF($F$7="Faktyczna",Prdsale!$B$2:$B$1441,Prdsale!$C$2:$C$1441),Prdsale!$H$2:$H$1441,$C14,Prdsale!$I$2:$I$1441,D$12,Prdsale!$D$2:$D$1441,$F$6) -> 15129 | E14: =SUMIFS(IF($F$7="Faktyczna",Prdsale!$B$2:$B$1441,Prdsale!$C$2:$C$1441),Prdsale!$H$2:$H$1441,$C14,Prdsale!$I$2:$I$1441,E$12,Prdsale!$D$2:$D$1441,$F$6) -> 13992 | F14: =SUMIFS(IF($F$7="Faktyczna",Prdsale!$B$2:$B$1441,Prdsale!$C$2:$C$1441),Prdsale!$H$2:$H$1441,$C14,Prdsale!$I$2:$I$1441,F$12,Prdsale!$D$2:$D$1441,$F$6) -> 12867 | G14: =SUMIFS(IF($F$7="Faktyczna",Prdsale!$B$2:$B$1441,Prdsale!$C$2:$C$1441),Prdsale!$H$2:$H$1441,$C14,Prdsale!$I$2:$I$1441,G$12,Prdsale!$D$2:$D$1441,$F$6) -> 13071
C15: Łóżko | D15: =SUMIFS(IF($F$7="Faktyczna",Prdsale!$B$2:$B$1441,Prdsale!$C$2:$C$1441),Prdsale!$H$2:$H$1441,$C15,Prdsale!$I$2:$I$1441,D$12,Prdsale!$D$2:$D$1441,$F$6) -> 11315 | E15: =SUMIFS(IF($F$7="Faktyczna",Prdsale!$B$2:$B$1441,Prdsale!$C$2:$C$1441),Prdsale!$H$2:$H$1441,$C15,Prdsale!$I$2:$I$1441,E$12,Prdsale!$D$2:$D$1441,$F$6) -> 11079 | F15: =SUMIFS(IF($F$7="Faktyczna",Prdsale!$B$2:$B$1441,Prdsale!$C$2:$C$1441),Prdsale!$H$2:$H$1441,$C15,Prdsale!$I$2:$I$1441,F$12,Prdsale!$D$2:$D$1441,$F$6) -> 11830 | G15: =SUMIFS(IF($F$7="Faktyczna",Prdsale!$B$2:$B$1441,Prdsale!$C$2:$C$1441),Prdsale!$H$2:$H$1441,$C15,Prdsale!$I$2:$I$1441,G$12,Prdsale!$D$2:$D$1441,$F$6) -> 12027
C16: Krzesło | D16: =SUMIFS(IF($F$7="Faktyczna",Prdsale!$B$2:$B$1441,Prdsale!$C$2:$C$1441),Prdsale!$H$2:$H$1441,$C16,Prdsale!$I$2:$I$1441,D$12,Prdsale!$D$2:$D$1441,$F$6) -> 11859 | E16: =SUMIFS(IF($F$7="Faktyczna",Prdsale!$B$2:$B$1441,Prdsale!$C$2:$C$1441),Prdsale!$H$2:$H$1441,$C16,Prdsale!$I$2:$I$1441,E$12,Prdsale!$D$2:$D$1441,$F$6) -> 13759 | F16: =SUMIFS(IF($F$7="Faktyczna",Prdsale!$B$2:$B$1441,Prdsale!$C$2:$C$1441),Prdsale!$H$2:$H$1441,$C16,Prdsale!$I$2:$I$1441,F$12,Prdsale!$D$2:$D$1441,$F$6) -> 10030 | G16: =SUMIFS(IF($F$7="Faktyczna",Prdsale!$B$2:$B$1441,Prdsale!$C$2:$C$1441),Prdsale!$H$2:$H$1441,$C16,Prdsale!$I$2:$I$1441,G$12,Prdsale!$D$2:$D$1441,$F$6) -> 11457
C17: Stół | D17: =SUMIFS(IF($F$7="Faktyczna",Prdsale!$B$2:$B$1441,Prdsale!$C$2:$C$1441),Prdsale!$H$2:$H$1441,$C17,Prdsale!$I$2:$I$1441,D$12,Prdsale!$D$2:$D$1441,$F$6) -> 12946 | E17: =SUMIFS(IF($F$7="Faktyczna",Prdsale!$B$2:$B$1441,Prdsale!$C$2:$C$1441),Prdsale!$H$2:$H$1441,$C17,Prdsale!$I$2:$I$1441,E$12,Prdsale!$D$2:$D$1441,$F$6) -> 13408 | F17: =SUMIFS(IF($F$7="Faktyczna",Prdsale!$B$2:$B$1441,Prdsale!$C$2:$C$1441),Prdsale!$H$2:$H$1441,$C17,Prdsale!$I$2:$I$1441,F$12,Prdsale!$D$2:$D$1441,$F$6) -> 12270 | G17: =SUMIFS(IF($F$7="Faktyczna",Prdsale!$B$2:$B$1441,Prdsale!$C$2:$C$1441),Prdsale!$H$2:$H$1441,$C17,Prdsale!$I$2:$I$1441,G$12,Prdsale!$D$2:$D$1441,$F$6) -> 10576

Sheet Sprzedaż MAX-MIN
A1: DIVISION | B1: COUNTRY | C1: ACTUAL | D1: PRODUCT | E1: MONTH | F1: MONTH - format tesktowy | G1: MONTH1
A2: OŚWIATA | B2: KANADA | C2: 925 | D2: KANAPA | E2: 12085 | F2: =TEXT(E2,"mmmm") -> styczeń | G2: =VLOOKUP(F2,$P$4:$Q$15,2,0) -> styczniu
A3: OŚWIATA | B3: KANADA | C3: 999 | D3: KANAPA | E3: 12113 | F3: =TEXT(E3,"mmmm") -> luty | G3: =VLOOKUP(F3,$P$4:$Q$15,2,0) -> lutym | I3: Maksymalna/minimalna sprzedaż faktyczna w danym dziale | P3: Tabela Pomocnicza
A4: OŚWIATA | B4: KANADA | C4: 608 | D4: KANAPA | E4: 12144 | F4: =TEXT(E4,"mmmm") -> marzec | G4: =VLOOKUP(F4,$P$4:$Q$15,2,0) -> marcu | P4: styczeń | Q4: styczniu
A5: OŚWIATA | B5: KANADA | C5: 642 | D5: KANAPA | E5: 12174 | F5: =TEXT(E5,"mmmm") -> kwiecień | G5: =VLOOKUP(F5,$P$4:$Q$15,2,0) -> kwietniu | P5: luty | Q5: lutym
A6: OŚWIATA | B6: KANADA | C6: 656 | D6: KANAPA | E6: 12205 | F6: =TEXT(E6,"mmmm") -> maj | G6: =VLOOKUP(F6,$P$4:$Q$15,2,0) -> maju | P6: marzec | Q6: marcu
A7: OŚWIATA | B7: KANADA | C7: 948 | D7: KANAPA | E7: 12235 | F7: =TEXT(E7,"mmmm") -> czerwiec | G7: =VLOOKUP(F7,$P$4:$Q$15,2,0) -> czerwcu | I7: Sprzedaż faktyczna (Maksymalna/Minimalna): | L7: Maksymalna | P7: kwiecień | Q7: kwietniu
A8: OŚWIATA | B8: KANADA | C8: 612 | D8: KANAPA | E8: 12266 | F8: =TEXT(E8,"mmmm") -> lipiec | G8: =VLOOKUP(F8,$P$4:$Q$15,2,0) -> lipcu | P8: maj | Q8: maju
A9: OŚWIATA | B9: KANADA | C9: 114 | D9: KANAPA | E9: 12297 | F9: =TEXT(E9,"mmmm") -> sierpień | G9: =VLOOKUP(F9,$P$4:$Q$15,2,0) -> sierpniu | P9: czerwiec | Q9: czerwcu
A10: OŚWIATA | B10: KANADA | C10: 685 | D10: KANAPA | E10: 12327 | F10: =TEXT(E10,"mmmm") -> wrzesień | G10: =VLOOKUP(F10,$P$4:$Q$15,2,0) -> wrzesniu | I10: Dział | J10: Kraj | K10: ="Wysokość "&VLOOKUP(L7,P16:Q17,2,0)&" sprzedaży faktycznej" -> Wysokość maksymalnej sprzedaży faktycznej | L10: Produkt i miesiąc: | P10: lipiec | Q10: lipcu
A11: OŚWIATA | B11: KANADA | C11: 657 | D11: KANAPA | E11: 12358 | F11: =TEXT(E11,"mmmm") -> październik | G11: =VLOOKUP(F11,$P$4:$Q$15,2,0) -> pazdzierniku | P11: sierpień | Q11: sierpniu
A12: OŚWIATA | B12: KANADA | C12: 608 | D12: KANAPA | E12: 12388 | F12: =TEXT(E12,"mmmm") -> listopad | G12: =VLOOKUP(F12,$P$4:$Q$15,2,0) -> listopadzie | I12: Oświata | J12: Kanada | K12: =IF($L$7="Maksymalna",_xlfn.MAXIFS(C2:C1441,$A$2:$A$1441,I12,$B$2:$B$1441,J12),_xlfn.MINIFS($C$2:$C$1441,$A$2:$A$1441,I12,$B$2:$B$1441,J12)) -> 999 | L12: {="Sprzedaż produktu: "&INDEX($D$2:$D$1441,MATCH(1,(A2:A1441=$I$12)*($B$2:$B$1441=J12)*($C$2:$C$1441=K12),0))&" w miesiącu "&INDEX($G$2:$G$1441,MATCH(1,($A$2:$A$1441=$I$12)*($B$2:$B$1441=J12)*($C$2:$C$1441=K12),0))} -> Sprzedaż produktu: KANAPA w miesiącu lutym | P12: wrzesień | Q12: wrzesniu
A13: OŚWIATA | B13: KANADA | C13: 353 | D13: KANAPA | E13: 12419 | F13: =TEXT(E13,"mmmm") -> grudzień | G13: =VLOOKUP(F13,$P$4:$Q$15,2,0) -> grudniu | J13: Niemcy | K13: =IF($L$7="Maksymalna",_xlfn.MAXIFS($C$2:$C$1441,$A$2:$A$1441,I12,$B$2:$B$1441,J13),_xlfn.MINIFS($C$2:$C$1441,$A$2:$A$1441,I12,$B$2:$B$1441,J13)) -> 996 | L13: {="Sprzedaż produktu: "&INDEX($D$2:$D$1441,MATCH(1,(A3:A1442=$I$12)*($B$2:$B$1441=J13)*($C$2:$C$1441=K13),0))&" w miesiącu "&INDEX($G$2:$G$1441,MATCH(1,($A$2:$A$1441=$I$12)*($B$2:$B$1441=J13)*($C$2:$C$1441=K13),0))} -> Sprzedaż produktu: BIURKO w miesiącu sierpniu | P13: październik | Q13: pazdzierniku
A14: OŚWIATA | B14: KANADA | C14: 107 | D14: KANAPA | E14: 12450 | F14: =TEXT(E14,"mmmm") -> styczeń | G14: =VLOOKUP(F14,$P$4:$Q$15,2,0) -> styczniu | J14: USA | K14: =IF($L$7="Maksymalna",_xlfn.MAXIFS($C$2:$C$1441,$A$2:$A$1441,I12,$B$2:$B$1441,J14),_xlfn.MINIFS($C$2:$C$1441,$A$2:$A$1441,I12,$B$2:$B$1441,J14)) -> 984 | L14: {="Sprzedaż produktu: "&INDEX($D$2:$D$1441,MATCH(1,(A4:A1443=$I$12)*($B$2:$B$1441=J14)*($C$2:$C$1441=K14),0))&" w miesiącu "&INDEX($G$2:$G$1441,MATCH(1,($A$2:$A$1441=$I$12)*($B$2:$B$1441=J14)*($C$2:$C$1441=K14),0))} -> Sprzedaż produktu: ŁÓŻKO w miesiącu sierpniu | P14: listopad | Q14: listopadzie
A15: OŚWIATA | B15: KANADA | C15: 354 | D15: KANAPA | E15: 12478 | F15: =TEXT(E15,"mmmm") -> luty | G15: =VLOOKUP(F15,$P$4:$Q$15,2,0) -> lutym | I15: Detal | J15: Kanada | K15: =IF($L$7="Maksymalna",_xlfn.MAXIFS($C$2:$C$1441,$A$2:$A$1441,I15,$B$2:$B$1441,J15),_xlfn.MINIFS($C$2:$C$1441,$A$2:$A$1441,I15,$B$2:$B$1441,J15)) -> 1000 | L15: {="Sprzedaż produktu: "&INDEX($D$2:$D$1441,MATCH(1,(A5:A1444=$I$15)*($B$2:$B$1441=J15)*($C$2:$C$1441=K15),0))&" w miesiącu "&INDEX($G$2:$G$1441,MATCH(1,($A$2:$A$1441=$I$15)*($B$2:$B$1441=J15)*($C$2:$C$1441=K15),0))} -> Sprzedaż produktu: KRZESŁO w miesiącu listopadzie | P15: grudzień | Q15: grudniu
A16: OŚWIATA | B16: KANADA | C16: 101 | D16: KANAPA | E16: 12509 | F16: =TEXT(E16,"mmmm") -> marzec | G16: =VLOOKUP(F16,$P$4:$Q$15,2,0) -> marcu | J16: Niemcy | K16: =IF($L$7="Maksymalna",_xlfn.MAXIFS($C$2:$C$1441,$A$2:$A$1441,I15,$B$2:$B$1441,J16),_xlfn.MINIFS($C$2:$C$1441,$A$2:$A$1441,I15,$B$2:$B$1441,J16)) -> 1003 | L16: {="Sprzedaż produktu: "&INDEX($D$2:$D$1441,MATCH(1,(A6:A1445=$I$15)*($B$2:$B$1441=J16)*($C$2:$C$1441=K16),0))&" w miesiącu "&INDEX($G$2:$G$1441,MATCH(1,($A$2:$A$1441=$I$15)*($B$2:$B$1441=J16)*($C$2:$C$1441=K16),0))} -> Sprzedaż produktu: STÓŁ w miesiącu marcu | P16: Maksymalna | Q16: maksymalnej
A17: OŚWIATA | B17: KANADA | C17: 553 | D17: KANAPA | E17: 12539 | F17: =TEXT(E17,"mmmm") -> kwiecień | G17: =VLOOKUP(F17,$P$4:$Q$15,2,0) -> kwietniu | J17: USA | K17: =IF($L$7="Maksymalna",_xlfn.MAXIFS($C$2:$C$1441,$A$2:$A$1441,I15,$B$2:$B$1441,J17),_xlfn.MINIFS($C$2:$C$1441,$A$2:$A$1441,I15,$B$2:$B$1441,J17)) -> 977 | L17: {="Sprzedaż produktu: "&INDEX($D$2:$D$1441,MATCH(1,(A7:A1446=$I$15)*($B$2:$B$1441=J17)*($C$2:$C$1441=K17),0))&" w miesiącu "&INDEX($G$2:$G$1441,MATCH(1,($A$2:$A$1441=$I$15)*($B$2:$B$1441=J17)*($C$2:$C$1441=K17),0))} -> Sprzedaż produktu: BIURKO w miesiącu czerwcu | P17: Minimalna | Q17: minimalnej
A18: OŚWIATA | B18: KANADA | C18: 877 | D18: KANAPA | E18: 12570 | F18: =TEXT(E18,"mmmm") -> maj | G18: =VLOOKUP(F18,$P$4:$Q$15,2,0) -> maju
A19: OŚWIATA | B19: KANADA | C19: 431 | D19: KANAPA | E19: 12600 | F19: =TEXT(E19,"mmmm") -> czerwiec | G19: =VLOOKUP(F19,$P$4:$Q$15,2,0) -> czerwcu
A20: OŚWIATA | B20: KANADA | C20: 511 | D20: KANAPA | E20: 12631 | F20: =TEXT(E20,"mmmm") -> lipiec | G20: =VLOOKUP(F20,$P$4:$Q$15,2,0) -> lipcu
A21: OŚWIATA | B21: KANADA | C21: 157 | D21: KANAPA | E21: 12662 | F21: =TEXT(E21,"mmmm") -> sierpień | G21: =VLOOKUP(F21,$P$4:$Q$15,2,0) -> sierpniu
A22: OŚWIATA | B22: KANADA | C22: 520 | D22: KANAPA | E22: 12692 | F22: =TEXT(E22,"mmmm") -> wrzesień | G22: =VLOOKUP(F22,$P$4:$Q$15,2,0) -> wrzesniu
A23: OŚWIATA | B23: KANADA | C23: 114 | D23: KANAPA | E23: 12723 | F23: =TEXT(E23,"mmmm") -> październik | G23: =VLOOKUP(F23,$P$4:$Q$15,2,0) -> pazdzierniku
A24: OŚWIATA | B24: KANADA | C24: 277 | D24: KANAPA | E24: 12753 | F24: =TEXT(E24,"mmmm") -> listopad | G24: =VLOOKUP(F24,$P$4:$Q$15,2,0) -> listopadzie
A25: OŚWIATA | B25: KANADA | C25: 561 | D25: KANAPA | E25: 12054 | F25: =TEXT(E25,"mmmm") -> grudzień | G25: =VLOOKUP(F25,$P$4:$Q$15,2,0) -> grudniu
A26: OŚWIATA | B26: KANADA | C26: 220 | D26: ŁÓŻKO | E26: 12085 | F26: =TEXT(E26,"mmmm") -> styczeń | G26: =VLOOKUP(F26,$P$4:$Q$15,2,0) -> styczniu
A27: OŚWIATA | B27: KANADA | C27: 444 | D27: ŁÓŻKO | E27: 12113 | F27: =TEXT(E27,"mmmm") -> luty | G27: =VLOOKUP(F27,$P$4:$Q$15,2,0) -> lutym
A28: OŚWIATA | B28: KANADA | C28: 178 | D28: ŁÓŻKO | E28: 12144 | F28: =TEXT(E28,"mmmm") -> marzec | G28: =VLOOKUP(F28,$P$4:$Q$15,2,0) -> marcu
A29: OŚWIATA | B29: KANADA | C29: 756 | D29: ŁÓŻKO | E29: 12174 | F29: =TEXT(E29,"mmmm") -> kwiecień | G29: =VLOOKUP(F29,$P$4:$Q$15,2,0) -> kwietniu
... A1440: DETAL | B1440: USA | C1440: 652 | D1440: BIURKO | E1440: 12753 | F1440: =TEXT(E1440,"mmmm") -> listopad | G1440: =VLOOKUP(F1440,$P$4:$Q$15,2,0) -> listopadzie
A1441: DETAL | B1441: USA | C1441: 573 | D1441: BIURKO | E1441: grudzień | F1441: =TEXT(E1441,"mmmm") -> grudzień | G1441: =VLOOKUP(F1441,$P$4:$Q$15,2,0) -> grudniu
